Time,V1,V2,V3,V4,V5,V6,V7,V8,V9,V10,V11,V12,V13,V14,V15,V16,V17,V18,V19,V20,V21,V22,V23,V24,V25,V26,V27,V28,Amount,Class
142866,1.377736,-0.00225,0.815316,-0.701767,0.765955,-0.761992,1.09066,2.210641,-0.122084,-2.192543,-0.548073,1.231875,0.553077,0.248914,1.008668,0.484453,1.217725,0.919424,1.5217,0.358796,0.905259,-0.307127,-0.601461,1.706768,0.216205,0.804881,0.12374,-0.586516,55.51,0
146304,-0.984995,-0.455528,-1.386442,-1.40997,-0.173838,-0.729577,0.377971,0.452538,0.32085,0.238601,1.577768,-1.067594,-0.054935,1.13269,1.26454,-1.421764,-0.312355,1.358121,0.508079,0.195263,-0.217685,-0.383801,0.288219,-0.252374,-0.042579,0.078599,-0.678072,0.532129,4321.54,0
97768,-1.808144,1.543493,0.256659,-1.714486,-0.713819,0.771874,-0.279677,-0.512061,1.400882,-1.047287,-0.798153,0.211386,0.390455,0.496343,0.911238,0.198579,0.489384,-0.259209,0.062698,0.107534,0.215098,0.77254,0.555146,0.044217,-0.809126,0.067671,-0.028018,0.193182,1494.86,0
93916,0.91593,-0.109145,-0.252881,0.562273,-1.291882,0.352627,1.912955,0.466178,-0.376212,-0.507105,-0.41034,-0.253963,-0.377807,0.916311,-1.733209,0.862,-0.379687,0.376948,-1.126988,1.328631,1.245635,0.959591,-1.514755,0.829121,0.404855,-1.605271,-0.024297,0.364534,125.73,0
121961,-1.485055,1.190414,-0.760509,-0.560754,-0.022248,-1.562884,0.22877,0.967466,0.292934,-1.588898,-0.123809,0.742029,-1.877989,-1.074766,0.876544,0.270095,0.411972,1.859495,0.468553,0.657888,2.710746,-0.213805,-0.797883,0.427796,0.438991,-0.526715,-1.032397,2.309844,89.15,0
117422,-0.411749,-0.363583,-1.149204,-1.90813,-0.11688,-0.997852,-0.084851,-1.600206,-0.761974,0.148627,0.36621,0.417472,-1.320489,0.854686,-0.800212,0.632858,-0.010639,-1.376387,-0.316198,0.365364,0.612965,-0.140988,1.531779,1.007511,-0.256654,0.750122,1.933793,1.960485,8.65,0
17607,1.212519,-0.323792,-1.691963,-0.017563,-0.902423,-0.342341,-0.081588,-1.705652,-1.615658,0.482067,-0.522719,-2.564744,0.784844,0.27237,-0.713875,-1.31683,0.835808,0.349351,2.382602,0.420189,0.387703,-0.166928,0.816776,0.625085,1.251725,-0.521323,-0.435407,-0.479103,178.79,0
163148,-0.644208,0.588703,-0.446069,0.980191,0.281173,-0.697557,-0.86594,-1.647496,0.290733,-0.354588,-2.372196,-0.535715,-0.901034,1.575678,-1.702779,-1.441351,1.10997,1.356763,-0.744983,-0.632086,0.616235,-2.3271,-1.861194,-0.280733,1.549891,-0.43573,0.100937,1.133789,1287.33,0
23744,-1.756722,0.327995,1.72735,-1.533861,0.863828,-0.328525,-0.061324,-1.052899,-0.334456,1.300045,0.582655,1.732312,1.177412,0.439087,1.743935,0.438993,0.827988,-0.296571,0.066546,-0.697424,0.989584,-1.178304,0.78235,-0.190651,1.171247,0.750869,1.820646,0.730775,5.17,0
118030,0.304717,-1.039984,0.750451,0.940565,-1.951035,-1.30218,0.12784,-0.316243,-0.016801,-0.853044,0.879398,0.777792,0.066031,1.127241,0.467509,-0.859292,0.368751,-0.958883,0.87845,-0.049926,-0.184862,-0.68093,1.222541,-0.154529,-0.428328,-0.352134,0.532309,0.365444,101.4,0
160265,-2.39426,-0.786566,-1.686468,-0.826229,0.247666,-0.179227,-0.253378,-0.159185,0.203388,-1.008536,0.70685,0.662666,0.385038,0.556533,0.296418,2.035073,-0.087094,-0.307083,-0.753528,-1.032263,-1.244472,-0.888797,-0.07068,0.334295,0.051142,-0.765535,0.900185,0.739413,42.97,0
92718,0.478876,-1.535642,0.389692,0.102553,-0.147442,1.588276,-0.622207,2.060298,-0.225431,-1.277016,0.06992,-1.076245,-0.751756,0.397033,0.555582,-0.622168,0.987405,1.157508,1.436302,0.529413,1.363429,-1.880798,-0.317907,-0.867005,0.119226,-0.571449,-0.166158,1.882175,42.33,0
87726,2.010926,0.548983,0.726098,-0.931073,-0.999145,0.036805,0.173007,-1.856312,-0.180307,0.014072,-0.215149,-0.81339,-0.539535,-0.176859,0.0908,0.604792,1.080856,-0.294348,-0.456156,0.437656,0.610845,-0.4342,0.790393,0.979585,1.291686,1.778321,-0.866416,0.013898,55.53,0
47546,-0.30262,-0.48279,0.870556,1.479275,1.79437,1.314808,-0.109734,0.35272,0.766823,0.121178,0.130764,0.823753,-0.059283,-0.729287,-0.414473,0.63391,0.002993,0.34021,0.670079,-0.374841,0.756248,0.378843,-1.234813,1.442305,-0.500745,-1.655095,-1.045044,-1.021045,59.04,0
66599,-0.516926,-3.654956,0.643026,-4.280111,0.588442,1.465356,-0.972838,-1.940533,-0.499225,-8.653796,-0.744354,-1.783385,-1.62657,0.266331,-1.686922,-4.350517,-1.853507,-1.331111,-1.212665,-1.095202,1.098423,-4.215086,-1.060749,1.724824,-5.836529,-1.050883,-2.963446,-2.426776,46.81,1
154856,-1.023497,0.179276,0.219997,1.359188,0.835111,0.356871,1.463303,-1.188763,-0.639752,-0.926576,-0.38981,-1.376686,0.635151,-0.222223,-1.470806,-1.015579,0.313514,0.838127,1.996731,2.913862,0.414409,-0.989538,-2.132046,0.267711,-0.812941,-0.415357,-0.612097,-0.140791,270.15,0
86514,-0.546538,-1.984143,1.235247,0.013356,1.10494,0.276959,0.458559,0.363009,0.697488,2.27743,0.971006,-1.580339,0.446662,1.141481,1.202701,-0.426605,1.164944,0.927742,2.572517,-0.750002,-0.507401,-0.306119,-0.490222,-0.890021,-2.762676,-0.434699,0.369358,-0.493222,995.33,0
7755,1.291029,0.26142,0.826407,0.279242,1.368785,0.055939,0.496121,0.366333,-0.288285,0.404982,2.234386,-0.270397,0.419465,1.257779,1.140253,0.011716,-2.383389,0.516703,-2.219474,1.469937,0.169474,0.999674,-0.902111,-1.552507,0.260754,-0.033603,-0.491541,0.084661,3467.38,0
158706,-0.863345,-0.147529,-0.152523,0.383394,0.999824,-1.058536,-0.125009,1.481456,-0.743588,-0.82225,0.202306,0.844385,0.011426,1.328961,0.856794,0.84182,0.554117,2.327653,-0.205162,-2.003522,1.604254,-0.457699,0.10788,1.309551,-1.60226,-1.251647,-1.601278,-0.794136,105.58,0
107604,-0.232269,0.075713,0.006017,0.448324,1.165308,1.647394,0.30962,0.589547,-1.150865,-0.087877,0.940289,0.865969,0.21161,0.886394,0.490767,1.200306,0.289359,-0.355698,0.335841,-2.930594,0.382886,-3.648413,-1.723463,0.451769,0.477529,-1.162429,-0.712102,1.370541,26.42,0
113785,-0.178655,-0.694139,-0.506603,1.272883,0.536297,-0.38563,-0.236446,-1.567177,0.388474,-1.759816,0.751796,0.128622,2.386952,-1.100136,-0.102662,1.798288,1.19139,-0.696212,0.223967,0.001999,0.281956,-0.69868,-0.08932,-1.598052,0.135123,0.450021,-0.227419,-1.615051,240.52,0
154293,0.160731,-2.962971,-0.0284,-1.719766,-3.923496,-3.892092,2.117647,-1.891054,2.600885,-2.784091,-0.771987,4.481692,-4.143467,-6.244536,1.716475,-3.567023,-1.551766,-2.964796,-0.829593,-3.876341,-1.94985,-0.375462,-4.020772,-3.25021,-2.368457,-5.072039,-2.556402,-1.203009,20.28,1
169934,0.060386,-1.302652,-0.051197,-0.07973,1.797561,0.894213,0.011445,0.248787,0.044212,-0.202914,-1.082427,-0.151052,-0.746098,-1.250316,0.511222,0.391265,-1.786708,-0.122685,0.995701,1.059224,1.025837,0.038913,-0.845045,-1.083699,0.344605,0.37928,1.287331,1.09998,44.78,0
151850,1.739648,-0.482232,0.999336,0.097413,0.795778,-0.447158,-0.049559,-0.115499,-0.836057,0.662082,0.650249,0.593555,1.536966,1.449345,-0.374945,0.373052,-0.623601,0.023355,-0.599749,1.62007,0.363698,-0.218029,1.193619,-2.170615,-2.014103,0.795839,0.060468,0.250446,7.47,0
160573,0.530694,-0.196004,-0.342153,-1.406914,-1.977749,-0.261562,0.056497,-1.28613,-0.034475,0.053753,-2.156008,-0.915125,0.407264,0.387059,-1.153675,0.158448,1.022407,0.777073,-0.095286,-0.467976,-0.629344,0.46782,0.195104,0.629404,0.131874,0.818764,0.094593,0.784689,201.59,0
74549,1.114592,0.383377,-0.131138,0.348776,1.951013,2.076981,0.069381,0.160191,1.07624,-0.845661,0.33307,-0.025863,0.313908,-0.833369,-1.589567,-2.072983,-1.117384,-0.458675,-0.293192,1.937231,1.105993,-0.962091,0.347708,-0.407078,-0.284364,0.185326,0.619171,-0.339258,269.29,0
163925,1.484919,-1.058281,-1.322541,-0.486194,0.420227,-0.102397,-0.650564,-0.674212,-0.712337,-0.87951,2.281633,0.297511,0.886759,-0.489077,-0.185957,-0.713554,-2.651708,-1.378009,-1.810619,-2.249784,-1.195359,1.324956,-0.044436,1.290564,0.410983,0.782559,-0.900897,0.523951,162.89,0
87389,-3.578215,-0.508979,-0.73605,0.734497,0.380959,1.352032,-1.504796,-0.741333,-0.221216,-1.145858,-2.492986,-2.331106,-3.543896,-0.445958,-1.735038,-3.157934,-3.155612,-4.525997,0.947103,-1.303456,-3.657,0.521369,-2.901122,-5.016252,1.053056,-2.842742,-2.522248,-1.39705,46.6,1
24151,0.053155,8.4e-05,-0.721558,0.316494,-0.097287,2.093168,1.573355,0.385847,-0.763057,-1.112411,1.191143,0.262749,0.480143,-1.744586,0.927438,0.45442,-1.110431,-0.471525,0.263717,0.052467,-0.292171,-0.103488,-0.251977,0.152563,1.471492,-2.566658,-0.23685,0.176512,85.11,0
55323,0.677485,-0.743861,-0.521539,-0.943954,1.301158,0.633422,0.604993,1.247211,2.812649,-1.709226,-0.738377,-0.616175,-0.85082,-1.077583,-0.299653,-1.216604,0.335042,0.051698,0.481029,0.507728,0.603007,-0.373409,2.121143,0.234431,-1.862485,-1.002376,-1.740503,0.017335,45.48,0
46748,-1.172007,-0.51828,1.511228,0.637534,-0.69893,-1.013717,0.032782,-1.21656,-0.67114,0.312009,1.155312,0.608761,-2.29129,0.304367,0.072034,0.41389,1.61621,-2.063238,-0.591103,0.590906,-1.581594,1.475949,0.368357,0.846584,-0.570944,0.813764,1.068472,0.232878,77.6,0
171904,-0.008795,0.5132,-0.418849,2.229732,-1.56793,1.260937,1.367907,-0.852159,2.229274,0.99549,0.971139,0.028022,-0.217226,-0.209409,0.390531,1.401186,0.181314,-0.911444,0.824427,0.921151,0.65466,0.745499,-0.270928,-0.928989,-0.868193,-1.635463,0.236949,-0.083449,28.22,0
80248,-5.83744,-0.25053,-5.697776,-1.770583,-2.584069,-6.712571,-0.527406,-2.450095,-6.748016,0.59892,2.087515,2.225311,-0.602609,-1.384855,1.820392,2.705959,1.333922,-3.853844,-0.996638,-0.40121,-6.024042,-0.326598,4.18248,0.09984,2.183533,-1.042713,-1.683046,-0.546822,22.0,1
90203,1.837387,-0.335939,1.90506,0.035576,1.753691,-0.093299,0.131058,0.365474,3.178854,0.851286,-0.707265,0.968998,-0.361833,-0.48975,0.908601,0.031086,0.278576,0.013985,0.336583,0.424966,-1.936967,0.666573,-0.982019,-1.442299,-0.058411,0.083981,-0.693506,0.831032,7.29,0
94983,-2.941746,-2.623709,2.198976,-1.771342,-3.464491,-2.790744,1.250927,0.189017,-0.099177,-2.143803,-0.066594,-3.108903,-2.149035,0.924511,0.685694,-3.954775,-3.638816,-1.228245,2.815331,-6.288913,-0.804168,-4.940108,-3.085827,-2.411071,-2.551271,-2.83449,-1.481982,-2.838139,5.58,1
89658,-0.158635,-1.035654,-1.674683,-0.486308,-0.053783,1.76793,0.130275,0.98274,-0.499296,-1.184944,-0.965117,-0.725226,2.12847,-0.821387,0.838489,-0.902927,0.931573,0.384951,-0.156638,-0.040763,-0.654788,0.446072,-0.454983,-1.225606,-1.277938,0.172588,1.579091,0.159992,45.7,0
78193,1.575083,0.488669,0.170625,-0.560449,0.031047,-0.252063,-0.785977,-0.289876,0.198381,-0.767217,-0.806282,-1.360243,0.390725,0.545323,0.23166,0.96517,0.087868,0.392011,0.303837,-0.09154,-0.530822,2.214153,-0.451951,-0.665878,0.43401,0.251854,-1.404792,1.122678,47.4,0
2380,-0.871216,2.000963,0.056412,0.245371,-1.776398,-0.653963,0.215303,-1.024529,0.908063,-1.202697,-0.286366,-0.586052,0.164321,-0.64049,-0.270894,-0.23613,-0.734388,0.485094,0.238388,-0.088614,-0.430458,0.796544,-0.235834,-0.306697,0.10469,1.696587,-1.340356,0.769857,3.19,0
107078,-0.955625,0.437512,-1.241756,-0.204069,0.109648,2.44513,-1.377316,1.472015,0.149842,0.411172,0.118348,0.444727,-0.153685,1.45405,-0.456471,1.132235,-0.644367,-0.060252,-1.071963,0.455024,1.445126,-0.077356,-0.196886,-1.114617,-0.229293,-1.592794,-0.912878,0.226786,394.86,0
133419,0.006339,2.597674,0.22308,1.433215,0.09152,0.580777,-0.056783,-0.170408,-0.779482,0.430301,-0.851537,0.665585,1.085287,0.366531,-0.286249,0.453966,-0.308673,0.935547,-1.831406,-0.335607,-1.990812,-1.495061,1.363862,0.895185,-0.71948,-1.502503,-2.964529,-0.543496,2060.33,0
129252,-1.427136,-1.767622,0.109485,1.125044,-0.013416,-2.260415,-0.19076,-0.162799,2.095999,-1.457138,-0.390678,1.705853,0.449978,0.563313,0.114584,0.329944,0.77761,-0.809486,0.878059,-1.373003,0.328368,0.178741,-0.616293,-0.022685,-0.62254,-1.071701,-0.353615,-1.103989,88.61,0
159645,-0.336832,0.619702,0.339875,0.316048,0.409828,0.616135,-2.107953,-0.364438,-2.18021,0.03606,-0.004633,1.045532,1.187634,0.202775,-0.500361,0.485161,-0.527918,-0.001393,0.986136,-0.557771,0.805679,0.677401,-0.954792,0.973894,0.698566,0.101926,-0.762323,-0.859206,24.37,0
149945,0.915903,-1.326393,0.030631,-0.484169,-0.327673,1.002758,0.538115,1.337398,-0.154506,-0.695943,-0.223859,0.242497,0.176573,-1.084388,0.09049,0.228228,2.517474,1.876845,-0.853243,-0.287383,-1.463442,-0.590707,0.315605,1.205854,-0.729084,-0.654146,-2.147289,-0.162666,11.09,0
140810,0.465498,0.93996,-1.887826,2.077298,1.921173,-0.891503,-3.554729,2.438442,-1.652543,-1.184587,-2.349013,-3.724476,-5.171599,0.082171,-3.458503,6.148828,-4.215184,-4.643456,-0.224653,2.323284,-1.338526,-0.069394,-6.108869,-3.193779,-4.184039,-6.237615,-1.207549,-7.107069,11.9,1
35319,-0.319107,0.217231,-0.202083,-0.577894,0.252885,-0.503958,-0.628066,0.311453,-0.401993,0.244104,0.273204,-1.139429,-0.481241,1.437777,-1.16208,-2.116654,-1.861845,0.02911,0.030917,-0.117611,1.21419,-2.672834,0.395934,1.561438,-1.127781,-0.379807,-0.752892,-0.894346,33.47,0
170301,0.548428,0.187974,-1.448127,-0.06798,0.262036,-0.899695,0.189843,-1.454822,1.336186,1.24795,-0.252517,0.363454,-2.409922,-1.156348,-0.293779,-1.072133,0.714396,1.997297,-1.176615,-0.837463,0.235448,1.611116,-1.222374,0.249036,1.821299,-1.651759,-1.281069,-0.423607,25.01,0
72535,-0.016837,1.822055,-1.522199,1.027581,-1.018316,0.102472,-0.242619,-0.958012,-0.983102,0.276414,0.995539,-0.129736,0.070113,0.571174,-0.971619,0.739693,0.819343,2.603626,-0.376104,-0.458082,0.768966,0.819104,-0.535087,-0.403163,0.541131,-0.827584,-0.410534,0.089593,243.21,0
29884,-0.371717,-0.893131,0.011451,-0.299265,-1.015068,2.048756,1.785168,1.136049,-0.92085,0.855019,0.639626,0.442546,1.249665,0.635371,0.740014,0.636906,0.340791,-1.783611,0.083621,-0.556192,-1.279841,1.681817,1.728995,1.359221,0.255213,1.350625,0.012053,0.202797,10.59,0
134204,0.393377,-1.396962,0.655618,-1.084611,1.412513,1.024099,0.289885,0.157233,-0.209032,0.678524,-0.370778,0.23557,0.871934,-0.561807,-0.616193,-1.194365,-1.064473,-1.828395,0.729829,1.808915,1.425329,-1.626084,0.724855,1.422106,-0.45681,0.101447,-2.007893,0.266736,11.07,0
144802,0.276274,-1.412766,-2.310103,0.054354,-0.471776,0.459386,0.701954,0.138241,0.760133,0.229211,0.530065,-0.704673,-0.179611,0.196776,0.820528,-0.393741,0.521167,-0.265839,-0.117542,0.829519,-1.99306,-1.296472,-1.482185,-2.333616,-0.678264,0.749434,-0.284884,0.19779,279.73,0
28122,-0.350952,-1.02228,-0.096179,1.128019,-2.280738,-1.496639,-0.922886,1.461179,0.282587,0.767317,-1.140161,-1.119536,0.447814,0.058274,0.548739,-0.187671,0.278144,0.158119,0.777767,0.807008,-1.619872,-2.247269,1.001745,1.187725,-1.020623,-1.859835,0.099035,0.930838,809.48,0
112293,0.665385,-0.098485,-0.423298,-0.079718,-1.687334,-1.447112,-1.3227,-0.997247,0.399774,-0.905479,-0.378163,1.299228,-0.356264,0.737516,-0.933618,-0.205438,-0.950022,-0.339033,0.840308,-1.72732,0.434424,0.237736,-0.59415,-1.446058,0.07213,-0.529493,0.232676,0.021852,603.45,0
101337,-0.559572,0.46508,-1.560958,-0.297323,0.099477,-0.086101,0.790806,0.344645,0.668326,-0.688372,0.897815,1.628937,-0.97015,-0.887696,1.335784,-0.191344,1.403821,-0.442536,1.455046,0.131486,0.258229,1.564718,-0.36177,-0.941122,-0.448564,0.452334,-1.565759,0.637471,24.33,0
122780,-0.088796,0.003796,1.718795,-2.319611,-2.001546,-0.543171,0.014528,0.690104,0.473087,-0.384246,1.019044,1.030195,0.184058,0.962658,0.272645,-0.561483,0.697817,0.110613,0.00134,1.472954,-2.450872,-1.417684,-1.18707,-0.363261,-0.254608,-1.507326,-0.985158,-0.860842,2177.94,0
54948,2.211042,-0.529439,-0.876861,-0.094263,-1.757728,-1.467045,2.129247,-1.287423,-1.096786,1.836914,2.905067,-1.171567,-0.368249,0.341556,1.728698,-0.986857,-0.245278,0.777338,0.434766,-0.376156,-0.133823,-1.374896,-0.238174,-0.266387,0.23217,-0.555327,0.471539,1.012716,68.93,0
91175,1.049499,0.843937,1.479462,-0.190072,-2.054761,-0.188586,0.811736,-0.9698,-0.176366,-0.69177,1.502029,0.749457,0.651541,0.621601,-0.037249,0.197556,-1.185185,-2.186442,0.150081,0.32399,1.209265,1.571336,1.569998,-0.998024,-0.352265,0.480334,2.531905,1.480099,292.68,0
138952,1.306002,0.219383,-0.410927,1.106289,0.428756,1.535756,0.183234,-1.224469,-1.368159,1.650928,1.723666,-0.179519,-0.383187,1.461444,-1.107046,-0.894727,0.643327,-0.394605,-0.005122,-0.163443,0.337575,1.407482,0.090585,0.643939,-2.050172,-0.048718,-0.84323,-1.218813,14.63,0
58706,-0.317287,-1.466186,-1.093737,1.026906,-1.921505,1.128991,-0.055102,-1.192395,-0.583115,-1.017224,0.866225,0.732428,-1.719161,-0.403592,-0.863186,1.29351,-1.350099,1.604229,-0.033295,-1.161934,-0.677274,-0.801619,-1.274618,0.094827,-1.227916,-2.180366,-0.379676,-1.802856,17.67,0
141908,-0.586585,1.4353,0.243752,-0.151248,0.432594,0.061916,0.110396,-0.408333,-1.39811,-1.543625,0.653245,-0.2767,-0.596089,0.008506,0.794932,0.180364,-0.656055,1.226293,1.579186,0.494557,0.973664,1.24196,1.130099,0.614099,0.598347,0.519661,-1.097338,0.700723,7.14,0
90736,-1.549754,-3.139359,0.227656,2.089945,-2.660951,-0.287004,-2.099043,-0.586282,2.414449,-0.228351,-5.933536,-0.365011,1.582159,-2.05399,0.989087,-3.225289,-5.213848,-1.147077,-5.891192,-2.099428,1.717106,-6.274407,-4.698742,-4.080081,-1.6583,-2.414292,1.997841,0.885871,34.03,1
110667,-0.726015,-0.2806,-1.500669,-1.02541,-0.537811,1.228421,-0.639503,0.640214,-0.538316,0.247948,-0.141396,0.873057,-0.534811,-1.572528,-1.381949,-0.531877,-1.24906,0.410212,-0.465768,2.374607,-1.737715,0.203633,-1.127953,-0.493401,0.141419,-2.325371,0.236826,1.902907,27.66,0
126425,3.5785,-1.581186,1.070134,-1.633257,-1.57686,-2.960073,-1.20219,-0.705003,-3.460646,-1.812611,-3.025247,4.24916,-1.724327,2.36308,-1.989056,-0.851781,-4.80341,-2.617681,-0.973663,2.46501,-0.945043,1.959301,0.101823,2.568503,-1.647606,4.475557,-2.713491,-3.416155,9.92,1
100680,0.324013,-0.76019,0.577403,0.046557,0.761855,1.175507,0.192421,1.132052,-2.344298,1.590452,0.375062,1.077843,-1.219876,-0.83077,0.145938,-0.017038,0.283069,1.084515,-1.76522,0.973819,0.008282,-0.203782,-1.471115,0.503049,-2.414108,0.648394,-1.492106,0.053458,45.66,0
89935,2.003509,0.8242,0.169707,-0.439054,-0.394573,-2.129198,0.25764,0.845483,-1.575619,-0.661417,-1.157465,-0.965351,0.053482,-2.084402,0.61427,0.753855,-0.251103,-2.480709,-0.996419,1.232902,-2.777994,-0.347523,-1.180001,0.80457,-0.675114,0.403954,0.56546,1.836226,40.27,0
2731,0.711977,-1.181479,-0.566295,-0.624603,1.325147,0.33029,-0.211734,0.498719,-2.107192,-0.043134,1.997514,0.132347,0.067913,0.548128,0.895605,-1.997467,-1.682326,0.210291,-0.714877,1.312025,-0.315174,-1.934531,-1.268014,-2.749676,-0.234126,-0.188384,-0.424463,1.078879,329.57,0
31332,1.188784,0.625676,-1.264542,1.777183,0.658797,-0.010196,1.590219,0.159298,-0.028083,-0.6603,0.58185,0.476603,0.01468,-0.789986,0.12993,-0.069799,-1.333474,-1.471812,0.565153,-2.601888,0.205411,-0.478083,1.308247,-0.493468,0.659484,-0.396914,0.113748,0.736837,27.28,0
92831,0.291231,1.473611,1.226034,-2.867055,-0.317439,-0.164651,-1.752099,0.094183,1.248758,-1.086568,0.336401,-0.915823,-0.671912,1.477394,-0.542558,0.462212,-1.871218,1.862318,0.602652,-0.1825,0.575547,-1.409819,1.182531,-0.323985,-0.20407,-0.491656,-0.580651,0.694671,80.15,0
2440,-0.993698,0.294593,0.92264,0.660037,1.916445,-0.763439,-1.379149,-0.994335,0.660443,0.497923,0.102257,-1.122957,0.766867,-1.224705,1.15895,2.857438,0.366451,0.583108,-0.49286,-1.810213,-0.602719,-1.092895,-1.447005,1.72236,0.272863,0.379688,-0.309022,-0.172871,232.02,0
146671,-0.87611,-0.226455,0.747272,0.05741,-1.117328,0.414616,0.578662,0.087963,0.219585,-0.258706,1.478279,-0.900692,-0.587321,0.010986,0.878954,-1.497373,-1.310297,-2.037729,0.032695,-1.118306,-0.38455,0.661378,-0.641543,0.231282,-0.299338,0.672114,0.475128,-0.691934,42.39,0
14598,-4.497793,-0.140307,-2.712474,3.21981,-1.502799,-7.087589,-0.606588,3.361494,2.439801,3.077386,-4.0494,0.780381,-3.304986,-0.939277,-4.682381,-3.111139,-3.190617,0.746388,0.501798,-0.807951,-4.876054,-2.279099,-3.365291,0.674189,1.445462,1.140964,-3.388049,-8.348833,37.54,1
69858,-0.8832,0.788908,-1.100661,-0.238436,-0.114778,1.592912,-0.354697,-2.43925,0.504445,-0.699022,0.042631,-0.086705,-0.273704,0.790341,-1.532865,-0.517014,0.684038,-0.614085,-1.608807,0.668555,1.123095,-0.044995,-1.960846,0.70597,-1.659888,0.308799,-0.887464,-1.159839,28.14,0
65420,0.55954,0.566188,-0.549553,-1.122768,-1.184128,0.086506,0.32701,-0.792526,0.026585,0.570537,0.618191,1.55188,1.276981,-1.001291,1.683586,-0.530977,1.044873,0.067987,-0.412149,-1.807697,-0.171565,-1.559383,0.967299,1.516793,-0.796911,0.301971,-0.725392,-0.628485,174.47,0
38425,-0.819754,0.11135,-0.388633,1.477394,0.506583,-1.311803,0.671228,-0.774652,-0.576996,0.313819,-0.491747,0.892856,-0.77451,-0.618947,-0.656371,-0.565639,1.099192,0.628796,1.709944,2.267644,-1.030717,0.070419,-1.1762,-0.777606,-0.630083,-1.057155,-1.051887,-0.144284,8.8,0
79437,-1.247317,1.120841,-0.664626,0.360592,-1.390685,1.438705,-0.144028,0.29004,2.32578,1.51644,-0.306566,-0.59322,-0.325545,0.509898,-0.105224,-0.395244,1.467181,-0.11421,2.299589,0.090743,1.785318,0.357319,0.962961,-0.724611,-0.853759,0.459706,0.988553,0.040257,7.93,0
122013,-2.503137,-3.376812,2.606651,1.6629,-1.438878,-2.233508,-1.830253,-0.932093,2.500118,-0.443831,0.315073,1.423175,-4.42419,0.387155,-2.236422,-7.790238,-6.820424,-4.045294,-0.171942,-1.215501,-1.039083,3.377359,-4.672724,-1.568583,-0.738911,-3.340683,-1.429183,-5.499873,49.28,1
29326,1.024922,-0.163954,-0.58096,-2.275736,0.640991,-0.113168,-1.012684,0.126597,-0.58368,-0.528426,0.606291,-1.338382,1.047315,-1.397686,-0.662701,1.922946,1.127355,0.097604,-0.94053,-0.529272,0.073275,0.037523,-0.090871,-0.030833,-0.214375,-1.441979,-0.516511,0.914624,7.01,0
34234,-0.054704,1.165672,-1.036582,-0.08452,0.675145,-2.381267,1.033786,-1.182451,0.331995,0.246683,1.084586,0.550924,-2.37729,-0.784779,0.138205,-0.19498,0.477611,0.789367,0.608452,-0.214275,-1.846337,-0.455481,0.416368,-1.090447,0.631275,0.908393,0.126867,-3.06378,8.03,0
154221,-0.00192,0.408036,1.616874,0.131027,-1.002344,-0.109727,-0.035611,-1.364742,-0.255832,-0.742192,0.924358,0.034612,-0.282796,-0.106182,0.223122,0.616814,-0.999712,-1.041588,1.104679,-0.412337,-1.416842,0.443813,0.46337,-1.530715,0.229482,0.735583,0.374386,0.631981,6.64,0
92169,0.38218,0.607936,-5.351836,-0.752705,0.189947,-4.078005,-1.477067,-1.790667,3.105377,3.31124,-5.660891,4.734818,-3.788064,0.951683,0.926245,-3.989226,-0.266831,-1.768834,-0.114175,-0.923319,1.490849,-1.311501,-1.919685,1.240161,-0.04901,0.329533,-3.161467,-4.113157,8.31,1
26660,-0.917754,2.809569,-0.451384,0.072018,-1.295341,1.706092,1.119501,0.296916,-1.346803,0.210667,-1.121431,1.462355,0.809195,0.095439,-2.436376,-0.983416,0.687761,1.212884,1.10917,-1.592013,0.301552,1.015515,-1.658336,-0.007905,0.273842,-0.300765,-1.852162,-0.325698,33.42,0
98814,-1.561203,0.542858,1.024513,-0.78318,-1.136923,-2.156023,-0.266414,-0.581594,-1.551019,0.453019,-0.44997,-1.075736,-0.554572,1.071305,0.602937,-0.130026,0.619105,-1.160912,0.03237,0.147322,-0.469837,0.435458,-0.780433,0.509821,0.551859,-2.91716,1.190306,-3.047633,21.67,0
106133,0.55524,-1.711473,-0.215244,1.782294,-0.213797,-1.800479,1.893049,0.682393,-0.070013,-0.371418,1.082352,-0.541983,1.148256,0.542195,0.244682,0.145515,-0.174968,1.04564,-0.865343,-1.621925,0.61444,0.631238,0.480241,0.407728,-0.32054,0.787483,-0.045558,-0.487114,34.2,0
130002,1.303565,0.84022,1.487398,-0.271674,-1.152249,-0.240437,0.102031,0.078989,1.13368,-0.36127,0.352034,-0.988627,0.450317,0.003109,-0.749813,-0.235829,-0.184176,-0.270155,1.771341,-0.098446,-0.243896,-2.097451,-0.894207,-0.263073,-0.685853,1.381708,-0.164938,1.288444,59.89,0
127030,-0.584874,-0.046587,0.278864,-1.007893,0.724283,0.063002,-1.891946,-1.958591,-0.012319,-0.220967,-0.10342,-0.027982,0.22556,0.94765,-1.111105,-1.171972,-1.093324,0.288917,1.244947,-0.431339,-2.5017,-1.703993,-0.833037,-0.557729,-0.408389,0.038581,-0.311746,1.04934,19.81,0
81405,2.141648,-0.406415,-0.512243,-0.813773,0.615979,1.128972,-0.113947,-0.840156,-0.824481,0.650593,0.743254,0.543154,-0.66551,0.232161,0.116686,0.218689,0.871429,0.223596,0.678914,0.067579,0.289119,0.631288,-1.457156,-0.319671,-0.470373,-0.638878,-0.275142,1.494941,14.9,0
32630,0.809121,-0.14581,-0.39204,0.139924,-0.816575,-1.146832,-0.940221,-0.634813,-1.163474,0.16206,0.729716,-1.587098,0.025129,-0.219936,0.341509,-0.012939,-1.453599,-1.262389,0.029424,1.028781,-2.214187,0.345727,1.189622,-0.153026,0.550202,-0.703069,-0.119366,-1.620914,1.62,0
109648,-1.040586,-2.41278,1.610937,2.549328,-0.405269,-1.936838,-0.310484,-0.286223,-0.189924,-1.113388,0.579561,0.524507,-1.494406,0.699197,2.052685,0.17196,-0.337325,-0.142003,0.615257,-1.730672,0.164391,-0.390464,1.847825,-0.174173,1.667888,-1.103741,0.587259,0.3194,14.83,0
120324,-1.68287,-0.334885,0.162753,0.586222,0.711227,0.793347,-0.348725,-0.462352,0.857976,-0.191304,-1.275686,-1.133287,-0.919452,0.497161,0.142426,0.690485,-0.427253,0.15854,0.62559,-0.309347,0.456775,-0.661926,-0.363054,-0.381738,-1.19584,0.486972,-0.469402,0.012494,112.29,0
74533,-0.45884,-0.424774,0.314077,-0.245762,0.952054,-2.251777,-0.826705,-0.782416,-2.320356,-0.963638,-0.915156,-0.201105,1.112966,-0.245061,-1.030814,-0.056955,1.049174,-0.975959,-0.910575,0.558549,-0.221536,0.647485,-0.013647,0.701664,-1.035078,-0.012085,-0.21069,-1.215891,5.23,0
67962,0.567932,-4.827193,-5.670086,0.559302,-3.007446,-2.480565,-6.142026,-3.197448,-1.518918,0.825945,-3.428075,2.64344,-3.21139,-3.20773,2.343394,-0.97135,-2.880062,-1.887833,1.882684,2.165507,-3.541983,-1.606085,-1.274608,-3.9656,-1.639213,-1.486693,1.350524,1.518563,2.58,1
49733,3.103139,-4.661076,-4.424025,-4.754836,2.818546,-2.655849,-1.564098,-2.506957,-3.861057,-2.087877,4.645609,1.980177,-3.632345,0.118935,-3.578807,-5.940919,1.048777,1.400232,1.115131,-2.674663,-1.916939,0.374414,-0.52126,-2.484094,-5.54768,-1.215312,1.197524,-4.493971,46.24,1
7460,-0.649263,-1.485562,0.092679,-0.768356,0.085993,-0.794044,-1.099658,0.234298,0.150922,0.579282,2.185864,0.27729,0.485082,-1.077561,-1.286907,1.582829,-0.92348,-1.043944,-0.039099,-0.090192,-0.902507,-0.304973,1.229376,-0.805994,-1.393672,0.942594,0.492297,-0.620519,5.09,0
154684,1.665761,1.930856,-3.977766,0.919997,-1.7174,-0.650479,-0.349453,0.985876,-1.293204,2.025405,-0.726468,0.060461,-3.583156,3.896648,-0.325438,0.282494,-5.520465,-3.556755,1.594709,-0.782772,-6.284449,1.095725,-2.859457,2.028292,-1.719589,-0.988233,1.447386,-3.743732,40.49,1
75511,-1.842384,-1.916597,-1.259413,-1.313168,-0.154611,-1.18888,-0.702755,-0.774086,-0.440508,1.322504,0.661948,0.016129,-0.461026,-0.433233,0.327746,0.584169,-0.907618,0.036481,-2.03162,0.211714,0.762149,-0.280069,1.816527,-0.881238,0.21744,-0.035825,-0.100298,-0.114322,64.11,0
116054,0.24166,-1.774962,0.51541,-0.577539,1.274447,-0.627588,-0.636615,0.541132,0.762926,0.448099,-1.685597,0.538034,-1.034308,0.235276,-1.423734,0.446322,-0.806599,-1.282635,0.71382,0.241645,-0.613977,1.451179,-0.440652,0.032108,0.268913,-0.619666,0.471136,-0.533452,29.45,0
170315,-0.563471,-0.443012,-0.039706,0.442455,-0.304427,-0.409649,0.092354,-1.920916,0.477035,-0.000563,0.039694,0.960734,-1.952816,-1.973834,0.273804,-0.007117,0.170177,-0.462127,0.664354,0.932639,0.483982,-0.260828,-2.107689,0.769236,1.221729,0.644558,-0.879642,0.673794,198.5,0
101543,0.422289,1.068462,0.098002,2.337845,-0.378039,0.324089,-0.798806,-0.351525,0.248934,0.846304,0.319095,1.259115,-0.094965,-0.332169,2.703985,0.394238,-0.719482,-0.694264,-0.94268,0.936569,-0.364377,0.127362,-0.063509,0.731492,-0.846744,-1.075572,0.224297,0.600959,89.91,0
112187,-0.069138,1.353586,0.092127,-0.837398,-0.5944,-1.480537,-0.888134,-0.358017,0.803585,1.72077,-1.382182,0.392827,-1.040544,0.474697,-0.131087,-1.830906,0.928297,-0.605001,-0.5339,-1.069752,-0.654283,0.42789,-0.189244,0.328662,0.361922,1.320662,-0.342786,-1.476858,270.65,0
65704,0.375371,0.679939,-3.236163,-5.542399,-2.833799,0.722818,-2.85501,-3.235108,-6.053376,2.881619,0.564284,0.42474,0.919313,-0.058229,-2.110822,-1.90941,-2.568911,5.086852,-0.11022,-2.659501,-0.336258,-4.027172,2.261267,-3.152673,-0.247286,1.164944,-0.538079,-1.263825,19.45,1
30319,-2.134694,0.617282,0.55536,0.309392,0.98148,-1.164828,2.008755,-0.959428,0.749223,-1.687348,-0.930265,1.516369,-0.2609,0.839923,0.236955,-0.104958,1.36385,-0.236659,-1.780738,-0.80324,0.551192,0.395509,-1.567058,-0.724343,-0.581721,-0.36547,-1.375914,-0.628371,18.3,0
